Name,suptime,totaltime
WC,36.794,2164.419
Ros,37.744,4670.443
PKT,36.56185,5963.438
OPT-HPU,3.387029,97.18253
TDT,1.006556,26.08562